product_id,name,image,description,price
1,laudantium,https://dummyimage.com/630x833,Iusto enim accusamus porro unde perferendis.,58
2,voluptatibus,https://picsum.photos/344/682,Quo possimus unde est enim repellendus adipisci.,10
3,inventore,https://placekitten.com/226/464,Consectetur labore nesciunt iure vero.,59
4,quas,https://placekitten.com/344/893,Unde aliquid eos.,81
5,quibusdam,https://picsum.photos/337/176,Debitis rem quas nam facilis.,99
6,mollitia,https://dummyimage.com/153x623,Doloremque impedit aliquid.,26
7,possimus,https://dummyimage.com/152x305,Debitis blanditiis nesciunt enim minus voluptatibus.,1
8,in,https://picsum.photos/147/434,Incidunt asperiores neque enim iste provident.,25
9,laudantium,https://placekitten.com/968/338,Assumenda aut dolor.,36
10,vitae,https://picsum.photos/376/253,Occaecati voluptate velit rerum ea sed.,5
11,qui,https://dummyimage.com/681x555,Ipsam facilis velit nostrum.,11
12,magni,https://picsum.photos/526/33,Quis velit possimus culpa nesciunt.,56
13,illum,https://dummyimage.com/614x202,Ut fugit illo dolores esse.,7
14,harum,https://placekitten.com/187/652,Possimus consectetur nam delectus ipsam dolorem dolore.,52
15,minima,https://placekitten.com/172/760,Quos laborum nemo illum.,34
16,esse,https://placekitten.com/417/634,Fugit iusto placeat ducimus magni dolor.,74
17,perferendis,https://dummyimage.com/118x572,Maxime fugiat minus atque est voluptatem facere.,22
18,aliquid,https://placekitten.com/839/665,Ducimus consequuntur tenetur velit magni nam reiciendis.,96
19,vel,https://picsum.photos/585/636,Omnis nobis quaerat asperiores odio deserunt.,66
20,sapiente,https://placekitten.com/511/675,Sequi maxime incidunt perferendis.,5
21,dolorem,https://picsum.photos/721/59,Officia a cum laborum asperiores ea laborum odit.,60
22,id,https://dummyimage.com/544x118,Numquam fuga iusto fugiat.,19
23,illo,https://picsum.photos/835/453,Reprehenderit tempore est.,66
24,vel,https://placekitten.com/128/884,Ex assumenda numquam pariatur quos.,67
25,alias,https://dummyimage.com/110x931,Tempora autem consequatur cumque sit officiis et nam.,4
26,illum,https://dummyimage.com/27x557,Magnam minima minus deserunt magnam fugiat amet explicabo.,73
27,quia,https://dummyimage.com/750x525,Amet deserunt ducimus atque.,16
28,beatae,https://picsum.photos/249/395,Doloribus nemo sapiente debitis libero.,78
29,animi,https://picsum.photos/720/968,Sit cumque harum libero voluptate dicta possimus provident.,48
30,nisi,https://dummyimage.com/796x220,In ad voluptatibus nulla vel harum.,98
31,reiciendis,https://picsum.photos/136/933,Dolorum fugit quasi labore saepe.,5
32,facilis,https://picsum.photos/333/596,Eius accusantium quam nam dolore impedit recusandae.,44
33,accusantium,https://picsum.photos/325/1019,Distinctio magnam ducimus deserunt assumenda.,93
34,autem,https://dummyimage.com/45x521,Blanditiis aperiam fuga animi odio adipisci quis.,33
35,enim,https://picsum.photos/998/220,Eveniet voluptate nulla nisi ipsum.,80
36,provident,https://dummyimage.com/437x459,Accusamus ducimus id fuga occaecati earum.,93
37,fugit,https://picsum.photos/706/248,Eaque autem ad assumenda distinctio.,98
38,modi,https://placekitten.com/672/298,Sed porro consequuntur iusto mollitia consectetur quidem.,8
39,dolor,https://picsum.photos/1022/77,Assumenda iure at illum.,75
40,exercitationem,https://placekitten.com/339/626,Laborum sed necessitatibus eligendi.,27
41,est,https://dummyimage.com/514x902,Consequuntur labore laudantium doloribus.,84
42,eaque,https://placekitten.com/908/71,Eos nihil molestiae suscipit aperiam earum.,22
43,ex,https://dummyimage.com/608x582,Sit ea vel ipsum excepturi.,7
44,itaque,https://dummyimage.com/20x1017,Perferendis nihil alias animi magnam impedit accusantium.,53
45,modi,https://dummyimage.com/1024x755,Magnam beatae eaque ut quibusdam nesciunt maiores dicta.,66
46,doloribus,https://placekitten.com/1019/523,Minima reprehenderit laudantium similique dolorum recusandae.,97
47,autem,https://dummyimage.com/144x761,Pariatur placeat fugit aliquam autem cumque voluptates.,46
48,maiores,https://picsum.photos/334/553,Magni esse vel officia libero eum deserunt delectus.,54
49,id,https://dummyimage.com/70x222,Debitis et officia dolore hic vel.,47
50,placeat,https://placekitten.com/33/350,Sit quia ipsa quos nobis temporibus.,10
51,esse,https://picsum.photos/334/699,Labore illum facere ducimus ipsum.,7
52,amet,https://placekitten.com/600/958,Molestiae a earum omnis dolore sequi.,93
53,sequi,https://placekitten.com/373/180,Recusandae quibusdam amet quae debitis officiis dolor.,90
54,inventore,https://dummyimage.com/195x248,Excepturi magnam ipsam quo.,98
55,possimus,https://placekitten.com/315/92,Blanditiis exercitationem ipsa quibusdam totam sapiente perspiciatis.,14
56,inventore,https://dummyimage.com/153x862,Optio minus sed ratione magnam est.,8
57,facere,https://placekitten.com/135/82,Optio excepturi sit temporibus.,0
58,assumenda,https://dummyimage.com/758x766,Nemo temporibus laboriosam.,12
59,dolorem,https://dummyimage.com/101x713,Commodi veritatis cumque laboriosam.,57
60,impedit,https://picsum.photos/32/74,Asperiores rerum ad aspernatur architecto.,69
61,ea,https://dummyimage.com/398x956,Numquam natus iste quia ipsam excepturi non tempora.,99
62,possimus,https://dummyimage.com/811x114,Sed quisquam corporis harum illo.,17
63,alias,https://placekitten.com/13/686,Officia non quidem ea aut odit rem.,49
64,mollitia,https://picsum.photos/702/973,Earum magni esse facere quos vitae.,94
65,ratione,https://placekitten.com/788/666,Consequatur expedita facere nesciunt.,6
66,nam,https://dummyimage.com/718x737,Doloremque necessitatibus expedita provident.,84
67,voluptatem,https://picsum.photos/24/34,Vel expedita inventore enim culpa iusto blanditiis.,69
68,vero,https://placekitten.com/388/668,Facere accusamus esse expedita assumenda corrupti.,63
69,dicta,https://placekitten.com/563/549,Magni impedit ut accusamus nisi alias reprehenderit.,25
70,iusto,https://picsum.photos/531/768,Delectus at ullam aspernatur.,93
71,aperiam,https://dummyimage.com/412x682,Quam molestias recusandae reprehenderit rem in deleniti.,9
72,eos,https://dummyimage.com/880x539,Possimus omnis ea veniam ad vel similique eos.,88
73,neque,https://placekitten.com/176/4,Doloremque itaque aspernatur dolor accusantium ratione magni.,14
74,rerum,https://dummyimage.com/654x715,Accusamus rerum possimus laboriosam enim.,13
75,delectus,https://dummyimage.com/291x975,Blanditiis incidunt ipsum fuga.,84
76,itaque,https://placekitten.com/279/66,Ducimus error distinctio.,42
77,cum,https://dummyimage.com/174x819,Voluptate illum tempore.,45
78,veritatis,https://picsum.photos/869/127,Corrupti laboriosam iusto rem expedita laudantium.,67
79,modi,https://placekitten.com/149/865,Corporis enim suscipit laborum nulla nihil voluptates.,96
80,labore,https://dummyimage.com/739x926,Facere tempore veniam magnam.,11
81,animi,https://picsum.photos/181/964,Eos incidunt consequuntur voluptas neque.,84
82,quasi,https://placekitten.com/221/803,Nostrum accusantium assumenda eius tenetur nesciunt.,42
83,autem,https://dummyimage.com/12x776,Quam officiis et inventore dignissimos.,67
84,eveniet,https://picsum.photos/267/914,Necessitatibus iusto velit ratione tenetur labore et ipsum.,96
85,itaque,https://placekitten.com/702/734,Quasi id error.,48
86,delectus,https://placekitten.com/173/1008,Non consectetur sequi odit cum adipisci.,4
87,quam,https://dummyimage.com/589x774,Sapiente odio odit eius.,75
